{
  "strategy": "taxonomy",
  "values": {
    "area/apiserver": 0.7000000476837158,
    "area/conformance": 0.7000000476837158,
    "area/kubectl": 0.7000000476837158,
    "area/kubelet": 0.7000000476837158,
    "area/test": 0.7000000476837158,
    "area/test-infra": 0.7000000476837158,
    "area/usability": 0.7000000476837158,
    "kind/bug": 0.7250000834465027,
    "kind/cleanup": 0.7250000834465027,
    "kind/documentation": 0.7250000834465027,
    "kind/failing-test": 0.7250000834465027,
    "kind/feature": 0.7250000834465027,
    "kind/flake": 0.7250000834465027,
    "sig/api-machinery": 0.3750000298023224,
    "sig/apps": 0.3750000298023224,
    "sig/architecture": 0.3750000298023224,
    "sig/auth": 0.3750000298023224,
    "sig/autoscaling": 0.3750000298023224,
    "sig/cli": 0.3750000298023224,
    "sig/cloud-provider": 0.3750000298023224,
    "sig/cluster-lifecycle": 0.3750000298023224,
    "sig/instrumentation": 0.3750000298023224,
    "sig/network": 0.3750000298023224,
    "sig/node": 0.3750000298023224,
    "sig/release": 0.3750000298023224,
    "sig/scalability": 0.3750000298023224,
    "sig/scheduling": 0.3750000298023224,
    "sig/storage": 0.3750000298023224,
    "sig/testing": 0.3750000298023224,
    "sig/windows": 0.3750000298023224
  }
}
